customer_id,state,segment
C20001,GJ,Retail
C20002,KA,Retail
C20003,KA,Retail
C20004,GJ,Retail
C20005,MH,Retail
C20006,KA,Retail
C20007,GJ,Enterprise
C20008,DL,Retail
C20009,RJ,Retail
C20010,DL,SME
C20011,DL,Retail
C20012,GJ,Retail
C20013,GJ,Retail
C20014,RJ,Retail
C20015,MH,SME
C20016,GJ,Retail
C20017,RJ,Retail
C20018,KA,SME
C20019,RJ,Enterprise
C20020,MH,Retail
C20021,GJ,Retail
C20022,DL,Retail
C20023,DL,Enterprise
C20024,DL,Enterprise
C20025,KA,Retail
C20026,DL,Enterprise
C20027,GJ,Retail
C20028,MH,Retail
C20029,MH,Retail
C20030,MH,Enterprise
C20031,MH,Retail
C20032,MH,Retail
C20033,MH,SME
C20034,GJ,Retail
C20035,GJ,Retail
C20036,KA,Retail
C20037,KA,Enterprise
C20038,KA,SME
C20039,DL,SME
C20040,GJ,SME
C20041,MH,SME
C20042,DL,SME
C20043,GJ,SME
C20044,RJ,SME
C20045,GJ,Retail
C20046,KA,Retail
C20047,RJ,SME
C20048,RJ,Retail
C20049,MH,Enterprise
C20050,RJ,SME
C20051,RJ,Retail
C20052,MH,Enterprise
C20053,GJ,Retail
C20054,MH,Retail
C20055,GJ,Retail
C20056,GJ,Enterprise
C20057,GJ,SME
C20058,KA,SME
C20059,MH,Retail
C20060,MH,SME
C20061,DL,SME
C20062,MH,SME
C20063,DL,Enterprise
C20064,DL,Retail
C20065,GJ,Retail
C20066,RJ,SME
C20067,RJ,SME
C20068,RJ,Retail
C20069,GJ,SME
C20070,KA,Retail
C20071,GJ,SME
C20072,DL,SME
C20073,KA,Retail
C20074,DL,SME
C20075,MH,Retail
C20076,RJ,Enterprise
C20077,KA,Retail
C20078,GJ,Retail
C20079,KA,SME
C20080,RJ,Retail
C20081,MH,SME
C20082,DL,Retail
C20083,GJ,SME
C20084,GJ,SME
C20085,RJ,Enterprise
C20086,MH,Retail
C20087,GJ,Retail
C20088,GJ,SME
C20089,KA,SME
C20090,KA,Retail
C20091,RJ,SME
C20092,KA,Retail
C20093,MH,Retail
C20094,RJ,Enterprise
C20095,DL,Retail
C20096,MH,Retail
C20097,KA,SME
C20098,MH,SME
C20099,KA,SME
C20100,GJ,SME
C20101,KA,Retail
C20102,DL,SME
C20103,KA,SME
C20104,MH,SME
C20105,RJ,SME
C20106,RJ,Retail
C20107,KA,SME
C20108,DL,Retail
C20109,MH,SME
C20110,DL,Retail
C20111,DL,Retail
C20112,RJ,SME
C20113,DL,Retail
C20114,GJ,Retail
C20115,MH,SME
C20116,DL,Retail
C20117,MH,SME
C20118,GJ,SME
C20119,DL,Retail
C20120,MH,SME
C20121,MH,Retail
C20122,KA,Retail
C20123,MH,Enterprise
C20124,KA,SME
C20125,MH,SME
C20126,KA,SME
C20127,GJ,SME
C20128,RJ,SME
C20129,MH,Retail
C20130,MH,Retail
C20131,DL,Retail
C20132,DL,Retail
C20133,RJ,Retail
C20134,MH,Enterprise
C20135,GJ,Retail
C20136,RJ,Retail
C20137,MH,Retail
C20138,GJ,SME
C20139,GJ,Enterprise
C20140,DL,Enterprise
C20141,RJ,Retail
C20142,KA,Retail
C20143,RJ,Enterprise
C20144,DL,Retail
C20145,MH,SME
C20146,GJ,Retail
C20147,RJ,Enterprise
C20148,KA,Retail
C20149,MH,Retail
C20150,RJ,Retail
C20151,GJ,Retail
C20152,GJ,SME
C20153,MH,SME
C20154,GJ,Retail
C20155,KA,SME
C20156,GJ,Retail
C20157,GJ,Retail
C20158,MH,Retail
C20159,DL,Retail
C20160,RJ,Retail
C20161,MH,SME
C20162,RJ,SME
C20163,KA,Retail
C20164,GJ,SME
C20165,DL,SME
C20166,MH,Retail
C20167,RJ,Retail
C20168,RJ,SME
C20169,DL,Retail
C20170,GJ,SME
C20171,GJ,Retail
C20172,KA,SME
C20173,MH,Retail
C20174,MH,Retail
C20175,RJ,Retail
C20176,DL,SME
C20177,GJ,Retail
C20178,MH,Enterprise
C20179,DL,Retail
C20180,DL,Retail
C20181,KA,Retail
C20182,RJ,Retail
C20183,GJ,Retail
C20184,GJ,SME
C20185,MH,SME
C20186,MH,Retail
C20187,KA,Retail
C20188,MH,Retail
C20189,MH,SME
C20190,DL,Retail
C20191,MH,Enterprise
C20192,KA,SME
C20193,RJ,SME
C20194,RJ,SME
C20195,KA,SME
C20196,DL,Retail
C20197,GJ,Retail
C20198,RJ,Retail
C20199,GJ,Retail
C20200,RJ,Retail
C20201,MH,Retail
C20202,GJ,SME
C20203,RJ,Retail
C20204,KA,Retail
C20205,KA,Retail
C20206,MH,Retail
C20207,RJ,Enterprise
C20208,MH,Retail
C20209,MH,Retail
C20210,GJ,Retail
C20211,KA,Retail
C20212,DL,Retail
C20213,RJ,Retail
C20214,MH,Retail
C20215,DL,Retail
C20216,KA,SME
C20217,GJ,Retail
C20218,DL,SME
C20219,GJ,Retail
C20220,MH,Retail
C20221,MH,SME
C20222,KA,Retail
C20223,KA,Enterprise
C20224,GJ,Enterprise
C20225,GJ,SME
C20226,RJ,Retail
C20227,MH,SME
C20228,GJ,SME
C20229,DL,SME
C20230,RJ,Retail
C20231,MH,Enterprise
C20232,KA,Enterprise
C20233,KA,Retail
C20234,GJ,Retail
C20235,KA,Retail
C20236,RJ,SME
C20237,GJ,Enterprise
C20238,MH,Enterprise
C20239,GJ,SME
C20240,GJ,SME
C20241,GJ,SME
C20242,RJ,SME
C20243,GJ,Enterprise
C20244,KA,SME
C20245,MH,Retail
C20246,KA,Retail
C20247,GJ,Retail
C20248,MH,SME
C20249,RJ,SME
C20250,KA,Retail
C20251,DL,Enterprise
C20252,DL,SME
C20253,RJ,Retail
C20254,RJ,Retail
C20255,GJ,Retail
C20256,DL,Retail
C20257,RJ,Retail
C20258,RJ,Retail
C20259,DL,Enterprise
C20260,DL,Retail
C20261,DL,Enterprise
C20262,GJ,SME
C20263,GJ,Enterprise
C20264,MH,Retail
C20265,GJ,Retail
C20266,DL,SME
C20267,RJ,Retail
C20268,DL,Retail
C20269,RJ,SME
C20270,GJ,SME
C20271,DL,Retail
C20272,MH,Retail
C20273,DL,Enterprise
C20274,GJ,Retail
C20275,RJ,SME
C20276,MH,Retail
C20277,GJ,SME
C20278,MH,Retail
C20279,GJ,Retail
C20280,GJ,Retail
C20281,KA,SME
C20282,KA,SME
C20283,MH,Retail
C20284,MH,Retail
C20285,GJ,SME
C20286,MH,SME
C20287,GJ,Retail
C20288,GJ,SME
C20289,DL,Retail
C20290,MH,Enterprise
C20291,KA,Retail
C20292,GJ,SME
C20293,RJ,SME
C20294,RJ,SME
C20295,DL,Retail
C20296,MH,SME
C20297,RJ,SME
C20298,MH,Retail
C20299,MH,Retail
C20300,GJ,Enterprise
C20301,KA,SME
C20302,DL,Retail
C20303,KA,SME
C20304,GJ,Retail
C20305,KA,Retail
C20306,KA,Enterprise
C20307,DL,Retail
C20308,KA,Retail
C20309,RJ,Retail
C20310,KA,Retail
C20311,GJ,Retail
C20312,GJ,Retail
C20313,DL,Retail
C20314,DL,Retail
C20315,KA,Retail
C20316,DL,Retail
C20317,KA,SME
C20318,DL,Enterprise
C20319,RJ,Retail
C20320,RJ,SME
C20321,MH,Retail
C20322,DL,Retail
C20323,DL,Retail
C20324,GJ,Enterprise
C20325,GJ,Retail
C20326,GJ,SME
C20327,MH,Retail
C20328,RJ,SME
C20329,KA,Enterprise
C20330,KA,Enterprise
C20331,GJ,Retail
C20332,MH,Retail
C20333,RJ,Retail
C20334,MH,SME
C20335,MH,Retail
C20336,KA,Retail
C20337,DL,SME
C20338,DL,Retail
C20339,RJ,Retail
C20340,GJ,Enterprise
C20341,KA,Retail
C20342,MH,Retail
C20343,DL,Retail
C20344,KA,Retail
C20345,MH,Retail
C20346,KA,SME
C20347,RJ,Enterprise
C20348,RJ,SME
C20349,KA,SME
C20350,RJ,Retail
C20351,KA,SME
C20352,MH,SME
C20353,RJ,SME
C20354,KA,SME
C20355,KA,SME
C20356,GJ,Retail
C20357,GJ,SME
C20358,KA,Retail
C20359,GJ,Retail
C20360,RJ,SME
C20361,GJ,SME
C20362,GJ,Retail
C20363,KA,Retail
C20364,GJ,SME
C20365,KA,Retail
C20366,GJ,Retail
C20367,GJ,Retail
C20368,MH,Retail
C20369,GJ,SME
C20370,GJ,SME
C20371,DL,Retail
C20372,RJ,SME
C20373,RJ,Enterprise
C20374,RJ,Retail
C20375,MH,Retail
C20376,RJ,Retail
C20377,DL,SME
C20378,DL,Enterprise
C20379,KA,Retail
C20380,DL,Retail
C20381,GJ,Retail
C20382,RJ,Retail
C20383,GJ,Enterprise
C20384,MH,Retail
C20385,DL,Retail
C20386,RJ,Retail
C20387,DL,Retail
C20388,MH,SME
C20389,RJ,Retail
C20390,RJ,Retail
C20391,RJ,Retail
C20392,KA,Enterprise
C20393,RJ,SME
C20394,RJ,Retail
C20395,MH,SME
C20396,DL,Retail
C20397,MH,SME
C20398,GJ,Retail
C20399,GJ,Enterprise
C20400,MH,Retail
C20401,KA,Retail
C20402,GJ,SME
C20403,MH,Retail
C20404,KA,Retail
C20405,DL,Retail
C20406,KA,Retail
C20407,DL,Retail
C20408,RJ,Retail
C20409,KA,Retail
C20410,MH,Retail
C20411,DL,Retail
C20412,RJ,SME
C20413,DL,Retail
C20414,GJ,Retail
C20415,MH,Retail
C20416,GJ,SME
C20417,GJ,Retail
C20418,GJ,Retail
C20419,RJ,SME
C20420,RJ,Retail
C20421,MH,Enterprise
C20422,DL,Enterprise
C20423,GJ,Retail
C20424,DL,SME
C20425,RJ,Retail
C20426,RJ,Retail
C20427,DL,Retail
C20428,KA,SME
C20429,RJ,Enterprise
C20430,KA,Retail
C20431,DL,SME
C20432,DL,Retail
C20433,KA,Retail
C20434,GJ,Enterprise
C20435,MH,SME
C20436,KA,Retail
C20437,DL,Enterprise
C20438,RJ,Retail
C20439,GJ,Retail
C20440,KA,Retail
C20441,KA,Enterprise
C20442,GJ,Retail
C20443,MH,Enterprise
C20444,RJ,SME
C20445,MH,Retail
C20446,MH,SME
C20447,DL,Retail
C20448,KA,SME
C20449,DL,SME
C20450,KA,SME
C20451,KA,Enterprise
C20452,RJ,Retail
C20453,MH,SME
C20454,KA,Retail
C20455,RJ,SME
C20456,KA,Enterprise
C20457,GJ,Enterprise
C20458,GJ,Retail
C20459,KA,Retail
C20460,GJ,Enterprise
C20461,DL,Enterprise
C20462,DL,Retail
C20463,RJ,Enterprise
C20464,KA,Retail
C20465,DL,Retail
C20466,GJ,SME
C20467,MH,Retail
C20468,GJ,Retail
C20469,RJ,Retail
C20470,RJ,Retail
C20471,DL,Retail
C20472,RJ,Retail
C20473,MH,SME
C20474,KA,SME
C20475,KA,SME
C20476,DL,SME
C20477,RJ,Retail
C20478,MH,Retail
C20479,KA,Retail
C20480,GJ,Retail
C20481,GJ,SME
C20482,DL,Retail
C20483,RJ,Retail
C20484,DL,SME
C20485,GJ,Retail
C20486,MH,Retail
C20487,GJ,SME
C20488,KA,SME
C20489,MH,Retail
C20490,RJ,SME
C20491,MH,Retail
C20492,DL,Retail
C20493,GJ,SME
C20494,RJ,Retail
C20495,RJ,Retail
C20496,KA,SME
C20497,KA,SME
C20498,GJ,Retail
C20499,MH,SME
C20500,DL,Retail
C20501,DL,Enterprise
C20502,DL,Retail
C20503,KA,Retail
C20504,MH,Retail
C20505,DL,Enterprise
C20506,DL,Retail
C20507,KA,SME
C20508,DL,Enterprise
C20509,DL,Enterprise
C20510,DL,Retail
C20511,GJ,Retail
C20512,MH,SME
C20513,MH,SME
C20514,RJ,Retail
C20515,DL,Retail
C20516,KA,Retail
C20517,KA,Retail
C20518,MH,SME
C20519,GJ,Retail
C20520,DL,Retail
C20521,RJ,Retail
C20522,RJ,Retail
C20523,RJ,Retail
C20524,KA,Enterprise
C20525,GJ,Retail
C20526,RJ,Retail
C20527,MH,SME
C20528,RJ,Retail
C20529,GJ,Retail
C20530,RJ,Enterprise
C20531,KA,Enterprise
C20532,RJ,SME
C20533,KA,Retail
C20534,GJ,Retail
C20535,KA,Retail
C20536,DL,Retail
C20537,GJ,Retail
C20538,DL,Retail
C20539,KA,SME
C20540,GJ,Retail
C20541,MH,Retail
C20542,KA,Enterprise
C20543,GJ,Retail
C20544,RJ,Retail
C20545,RJ,Retail
C20546,MH,SME
C20547,RJ,SME
C20548,GJ,Retail
C20549,GJ,SME
C20550,DL,Retail
C20551,DL,Retail
C20552,KA,SME
C20553,MH,Enterprise
C20554,RJ,SME
C20555,KA,SME
C20556,KA,Retail
C20557,RJ,Retail
C20558,KA,Enterprise
C20559,MH,Retail
C20560,GJ,Retail
C20561,GJ,SME
C20562,KA,SME
C20563,DL,SME
C20564,DL,Retail
C20565,KA,Retail
C20566,RJ,Retail
C20567,DL,Enterprise
C20568,MH,Enterprise
C20569,GJ,Retail
C20570,KA,Enterprise
C20571,GJ,Retail
C20572,RJ,Retail
C20573,DL,Retail
C20574,DL,Retail
C20575,KA,Retail
C20576,MH,Retail
C20577,DL,SME
C20578,KA,Retail
C20579,KA,Enterprise
C20580,GJ,Enterprise
C20581,MH,Retail
C20582,RJ,Retail
C20583,GJ,Enterprise
C20584,RJ,Retail
C20585,RJ,Retail
C20586,KA,Retail
C20587,MH,Enterprise
C20588,KA,SME
C20589,RJ,Retail
C20590,KA,Retail
C20591,MH,Retail
C20592,GJ,Retail
C20593,KA,Enterprise
C20594,GJ,Enterprise
C20595,KA,Retail
C20596,GJ,Retail
C20597,RJ,Retail
C20598,KA,SME
C20599,KA,SME
C20600,DL,SME
C20601,DL,SME
C20602,KA,Retail
C20603,RJ,SME
C20604,RJ,Retail
C20605,GJ,SME
C20606,KA,Retail
C20607,MH,Retail
C20608,KA,Enterprise
C20609,DL,Retail
C20610,KA,Retail
C20611,DL,Retail
C20612,MH,SME
C20613,RJ,Retail
C20614,DL,Retail
C20615,DL,Retail
C20616,MH,Retail
C20617,MH,Retail
C20618,RJ,Retail
C20619,DL,Retail
C20620,GJ,SME
C20621,MH,Retail
C20622,MH,Enterprise
C20623,RJ,Enterprise
C20624,DL,Retail
C20625,GJ,Retail
C20626,MH,Enterprise
C20627,RJ,Retail
C20628,KA,SME
C20629,KA,Retail
C20630,DL,SME
C20631,RJ,Retail
C20632,GJ,SME
C20633,DL,Enterprise
C20634,GJ,Retail
C20635,DL,SME
C20636,DL,Retail
C20637,KA,Retail
C20638,RJ,Retail
C20639,RJ,Retail
C20640,KA,Retail
C20641,GJ,SME
C20642,GJ,Retail
C20643,RJ,SME
C20644,RJ,Enterprise
C20645,DL,Enterprise
C20646,KA,Enterprise
C20647,GJ,SME
C20648,GJ,Retail
C20649,DL,Enterprise
C20650,GJ,Retail
C20651,DL,Enterprise
C20652,RJ,Enterprise
C20653,MH,SME
C20654,RJ,Retail
C20655,KA,Retail
C20656,GJ,Retail
C20657,RJ,Retail
C20658,RJ,Retail
C20659,RJ,Retail
C20660,RJ,SME
C20661,MH,Enterprise
C20662,MH,Retail
C20663,GJ,Retail
C20664,MH,Retail
C20665,GJ,Retail
C20666,KA,Retail
C20667,GJ,SME
C20668,RJ,Retail
C20669,MH,Retail
C20670,GJ,Retail
C20671,KA,SME
C20672,DL,Retail
C20673,GJ,Retail
C20674,KA,Retail
C20675,RJ,Enterprise
C20676,RJ,Retail
C20677,DL,SME
C20678,MH,Retail
C20679,RJ,Enterprise
C20680,RJ,Retail
C20681,RJ,Retail
C20682,DL,Enterprise
C20683,DL,SME
C20684,DL,Retail
C20685,MH,Retail
C20686,KA,Enterprise
C20687,DL,Retail
C20688,MH,Retail
C20689,KA,Enterprise
C20690,RJ,Retail
C20691,GJ,Retail
C20692,GJ,Retail
C20693,DL,Retail
C20694,GJ,Retail
C20695,DL,SME
C20696,GJ,Retail
C20697,KA,Retail
C20698,DL,SME
C20699,RJ,SME
C20700,DL,SME
